place_id,name,rating,reviews,main_category,workday_timing
ChIJyWO4Ydq3sw0RabTa1I4CNBE,O'Clock Coworking Space Agadir - Espace de travail et Salles de formation,4.9,126,Coworking space,Open 24 hours
ChIJsZNCAPq3sw0RZ0luc4iVNYo,Coworking Space Agadir - Work Harmony Space,5.0,51,Coworking space,Open 24 hours
ChIJfwom57fJsw0R06gfpYjQ9E4,Technopark Agadir,4.6,93,Coworking space,9 AM–6 PM
ChIJW0v7EGW3sw0RtqRMDzwAMfw,Social Innovation Space - SIS,4.7,14,Coworking space,9:30 AM–12 AM
ChIJ4am5D_rJsw0R-VugqMYvslI,Y'office,5.0,35,Business center,8:30 AM–9 PM
ChIJN2Rhb9fJsw0RWAne8m-_kQs,Mao coworking space,5.0,48,Coworking space,Open 24 hours
ChIJrQKZGz-3sw0RNWWuQv5ndVc,Keep Coworking,5.0,9,Coworking space,9 AM–6 PM
ChIJOyHxdBm3sw0RKGHRXKpx4xE,Nour Workspace,4.3,20,Office space rental agency,8 AM–7 PM
ChIJq1U1vxS3sw0REb7IRzJ68gA,EXCELLENTIA BUSINESS CENTER I CENTRE DE DOMICILIATION I AGADIR I MARRAKECH I MAROC,5.0,37,Business center,9 AM–6:30 PM
ChIJicVIOgDJsw0RAKDm4LyIx-c,IWGS coworking space,0.0,0,Coworking space,Open 24 hours
ChIJ6R76w0W3sw0RIyQSLF8WyAU,Adaoui Business Centre,4.4,9,Student career counseling office,8 AM–6:30 PM
ChIJrXDuhFzJsw0RE9e5RBuEAQo,GESTANCIA,0.0,0,Coworking space,8:30 AM–7 PM
ChIJU3yncNjJsw0RgUp5orIM8WE,Espace coworking,5.0,2,Internet cafe,
ChIJpRgzvUVNsg0RzcLKfKO2lvg,SunDesk Coworking,4.9,146,Coworking space,
ChIJe8zmu7fJsw0RjM2Epb0xmvk,CAFÉ LIBRAIRIE TADLSA BY CULTURA FOUNTY,4.6,129,Book store,7 AM–10 PM
ChIJ9ceFDeuzsw0RSiQcxooSlUQ,@SILYANETWORKING & SILIA PLAY,0.0,0,Coworking space,9 AM–11:30 PM
ChIJmb_zI9u3sw0RihH6vTinFGw,LogiFineX,0.0,0,Coworking space,
ChIJhWXa24-DQ2AR3L2_suBeUkM,Next Meeting,0.0,0,Coworking space,Open 24 hours
ChIJRcew9wV9eA0R7Ouih9qonaE,MySpace CoWorking,5.0,46,Coworking space,9 AM–7 PM
ChIJs1fbRCuHow0RwKA3rydojA0,Cooworkin' - Coworking & Entrepreneuriat Space,4.9,15,Coworking space,
ChIJbVZmHwCndw0REB1BamWDM4Y,Coworking Space Nador,5.0,7,Coworking space,10 AM–8 PM
ChIJh4bNSv4InAwR5XCYQDXGp_U,SpaceIT Coworking Nador,5.0,1,Coworking space,10 AM–8 PM
ChIJq-U1V4i5dw0RfzJIB3i0mAQ,Coworking Nador Global,0.0,0,Coworking space,Open 24 hours
ChIJZyRvIdWndw0RVx11SYBi2yM,Pratique Des Chariots Élévateurs,0.0,0,Coworking space,
ChIJ-4F164andw0R57PZx2kR9Xw,الناظور,0.0,0,Coworking space,
ChIJ6WjEt-aHow0Rzw9ZltU44BQ,Get inspired Coworking,4.6,13,Coworking space,9:30 AM–8:30 PM
ChIJOVE7k-iFow0R4Uzj7lkcTUE,Espace Focus Co-working & entrepreneuriat,0.0,0,Coworking space,9 AM–6 PM
ChIJQXtKeKRrpA0RYVwbOqGAuhc,ANAPEC : Agence Nationale de Promotion de l'Emploi et des Compétences_Fkih Ben Salah,4.8,4,Employment agency,Open 24 hours
ChIJR54KWmXWy0oRVGrDa9xDbqY,Moroccan cise Bénimellal,0.0,0,Coworking space,9 AM–6 PM
ChIJ4XWA_YUxdA0RxDnS8XkRV50,Espace Eucalyptus,4.8,47,Cafe,6:30 AM–11:30 PM
ChIJGWQ0EoYxdA0R0kBIjp7EPas,"Chambre de Commerce, d'Industrie et de Services_Al Hoceima",4.8,6,Chamber of Commerce,
ChIJ0fL0oosxdA0RyMBXbER3Cp4,Agence Urbaine d'Al Hoceima-الوكالة الحضرية للحسيمة,4.7,3,Government office,8:30 AM–4:30 PM
ChIJma1ahVBBpw0RMHLFjPNsuac,WORKEO,4.9,46,Coworking space,9 AM–9 PM
ChIJq-cS_kUxdA0R4GHR6SUjEbU,Tafouqt Media Works,0.0,0,Internet marketing service,Open 24 hours
ChIJ-6hUCHCLnw0RRfMoUAIC6_Q,OURSPACE,4.6,121,Coworking space,9 AM–11 PM
ChIJ6d5PSziLnw0RgiWKqEtWRdo,"BRIDGES TO THE FUTURE: Coworking, Incubation",4.9,48,Coworking space,Open 24 hours
ChIJ0aY8dhbvrw0RwiLirDttGrs,Goworking Marrakech,4.9,102,Coworking space,Open 24 hours
ChIJJXqET0Bjlw0ReBugKAfPX3Q,Kasbah Hôtel Xaluca Arfoud,4.6,1846,Hotel,
ChIJRQM_GWm3pw0RAo-snWmBkMY,Coworking Space Co Dux,5.0,53,Coworking space,8 AM–9 PM
ChIJZQpexMFFCw0RFs7X1djZ9ZM,Co-working Space The Hive Hub,4.8,12,Coworking space,Open 24 hours
ChIJp1vVWzvtrw0RxD1F28JK1i0,CoArcad,4.8,48,Learning center,9:30 AM–6 PM
ChIJC-AIQRvTpw0Rfm1D89-7w24,Hello Desk,4.9,118,Coworking space,Open 24 hours
ChIJzY7hhr3vrw0RU93cEf3CeF8,Targa Cowork Club - Coworking Space,5.0,495,Coworking space,7 AM–9 PM
ChIJn3q9JHvvrw0R-aOnNEVjvJQ,Cowork in Marrakech,4.8,66,Coworking space,9 AM–6:45 PM
ChIJZY3g-RshrA0RE6Hc1IfQUnQ,DarevoX,5.0,48,Coworking space,9 AM–10 PM
ChIJIWj-P7nvrw0RwFyAdoDr4bs,CWC Hub Coworking & Consulting,5.0,68,Coworking space,9 AM–7 PM
ChIJYbB15NYXng0RbTQb83MCGr0,leader space,4.9,19,Coworking space,9 AM–11 PM
ChIJkdAXsgnvrw0Rw2iwIk0TOHM,Codesk Coworking Space Marrakech,4.8,4,Coworking space,9 AM–6:30 PM
ChIJdwXZLAF6tA0RO-EiQ81iMQI,L’Blend,4.9,45,Coworking space,11 AM–9 PM
ChIJ19xVL8Vtpw0RWAOdeTaiNA0,Commons Agdal,4.8,53,Coworking space,Open 24 hours
ChIJYZ0dexVtpw0RmtfRk1lJiCQ,La Station coworking - coworking space Rabat- Location de bureaux,4.9,90,Coworking space,8:30 AM–6 PM
ChIJNZsojcVtpw0R3iz9h3Eb7sw,Syllabus Coworking Rabat,4.6,71,Coworking space,Open 24 hours
ChIJgy4iBxHTpw0Rdn_Kav8GyDE,BRAIN OFFICES,4.9,16,Business center,Open 24 hours
ChIJ3Wk-6f3DoA0R3IkSJUNHGUM,COLAB-Coworking-Space,5.0,4,Coworking space,9 AM–10 PM
ChIJ-epDf4zurw0RU-tFbsNYiJg,Fraktal Coworking,5.0,4,Office space rental agency,9 AM–6 PM
ChIJpaqxALMzpg0RBFMatBXGmNw,114_Coworking_space,5.0,3,Coworking space,9 AM–11 PM
ChIJFyhcXrgtpg0R_H1mgNWWE_0,Espace Coworking,5.0,1,Coworking space,9 AM–7 PM
ChIJf1_ws_PTpw0RTsbgOqSBJgw,133 Coworking,4.8,38,Coworking space,
ChIJEQEuhOcRuw0RpnATERE1Rng,Dar Digital Nomad - Coliving Space Ouarzazate,4.2,5,Coworking space,
ChIJ04v1oN2BCw0RDencGq0-Zcg,Cowork24 - Coworking Space à Tanger,5.0,41,Coworking space,Open 24 hours
ChIJKVFJ0sFZpw0RBZO7MwvL8Lg,T-land space,4.8,31,Coworking space,Open 24 hours
ChIJ10NFILWzsw0Rjrkhrik0woo,Nomadico Taghazout Bay - Coliving | Coworking,4.9,66,Guest house,
ChIJa1JspKzjsw0RcTm-bwXHRfs,Anrar,5.0,1,Coworking space,
ChIJj6DKo0pZpw0RMiRE4WidXOU,Coworking Connection Kénitra,4.9,50,Coworking space,8 AM–8 PM
ChIJQQYyopwTpw0Rpt_w-BIcCDU,Spaces - La Rocade,3.9,51,Office space rental agency,Open 24 hours
ChIJ96RH9DMhrA0R2WDwtkXvJ1s,CAD SAFI Coworking space,4.2,10,Coworking space,9 AM–7 PM
ChIJ0Zz0A9ezsw0RaGGUHBd1zHE,"Kasbari House - Coliving, Coworking, Laundromat",4.8,43,Laundromat,9 AM–6 PM
ChIJSac0LOVtpw0RYWxZ7n35L3U,Smart Digital Space,4.9,27,Coworking space,
ChIJv0Fqk2Avpg0Ruv665jOz4b8,Nomads Coworking Space,4.8,4,Coworking space,
ChIJPcPcokLvrw0Rjh-TWws6hdE,Coworking TZ Colab,4.2,5,Coworking space,9 AM–8 PM
ChIJvRUZc8XSpw0R_rYoyo2x0xs,Capital Desk,4.2,5,Coworking space,8:30 AM–7 PM
ChIJQboKD9JFCw0RGIFObj6AvbM,Open Office | Domiciliation des entreprises à Martil,5.0,10,Business center,9:30 AM–6 PM
ChIJtzziXeYtdA0ROKSW4ztFLaY,Work Space,3.3,3,Coffee shop,
ChIJU9utzD1tpw0RIY-VhDk5Xys,Coworkinn,3.7,6,Coworking space,Open 24 hours
ChIJdfO5yhklsA0RNU93R1Cu0Rw,Ait El Haouz space,4.3,10,Cafe,8 AM–12 AM
ChIJnaOwhRt6tA0RxmgWqpfmvgg,Espace Socio-culturel,4.0,4,Coworking space,
ChIJ0d_ZquXvrw0Rv9YQrKVpreg,Regus -Marrakech - M Avenue,4.1,44,Office space rental agency,Open 24 hours
ChIJZRdbmkVNsg0RSvR4JC1Vego,Adventurekeys Surf Camp - Coworking Space - Yoga Retreat,4.5,290,Surf school,
ChIJxTReNwBtpw0RSS_c2Q3oPgQ,Eroomia,5.0,1,Coworking space,9 AM–8 PM
ChIJB9bfjlG3pw0RaaEUg7ZB5CQ,cloud business centre,5.0,7,Government office,9 AM–8 PM
ChIJ9-BoWl0Tpw0RLj-Cs5c3bZ8,Agora Space,0.0,0,Coworking space,9 AM–5 PM
ChIJK6nhogpZpw0RIstwnrLzPSc,A-To-Z Services Space,5.0,1,Coworking space,9 AM–9 PM
ChIJW9nOGcJXpQ0RaRDpmJC4Sac,Flouka Space,5.0,1,Volunteer organization,Open 24 hours
ChIJJ41bDgCDrQ0RFecNb9BFKAE,Nomads Colive & Work,0.0,0,Coworking space,
ChIJvUZOq2ttpw0RMdjMf1eqZNE,SoftSpace coworking,0.0,0,Coworking space,Open 24 hours
ChIJDTb-6LdNsg0RZiqVBcaTUj0,Bigblue Surf Hostel & Coworking Space - Taghazout,4.3,45,Hostel,
ChIJYyfW66ptpw0RSYcPzK-IDjc,work&GO business center,1.0,3,Coworking space,"9 AM–1 PM, 2:30–6:30 PM"
ChIJgcYz1CIrpQ0RhxT78LhyQmY,مقر جمعية النور للتنمية,0.0,0,Coworking space,
ChIJmcVAJ4zTpw0R_dnk7e81TJo,Spherecoworking,0.0,0,Coworking space,9 AM–8 PM
ChIJ76IPJwBrpQ0RdSSYj-b40II,Coworking Space Tamallalt,0.0,0,School,Open 24 hours
ChIJ2w1QqfiTnQ0RY0ipyPTjzVw,Brainstorming Cooworking space,0.0,0,Investment service,9:30 AM–8:30 PM
ChIJn-pIUitZpw0RvWoAqIS9JFU,Espace coworking,0.0,0,Coworking space,
ChIJb0XQdf19pA0RuXk0mHFEzsI,Espace Arraha,3.4,7,Coffee shop,9 AM–8 PM
ChIJpfsyk_uUCw0RJ666AHftKvc,Copy Centre Asilah,4.6,7,Digital printing service,8:30 AM–9 PM
ChIJqVNJhVeBCw0RFlGRMD1ODhI,Alpha co-working,4.1,87,Coworking space,8:30 AM–8:30 PM
ChIJ0wCmSmeVCw0Rq3Jjn9_YCw0,Startups' Market of Assilah - Incubator HUB ESMAROC,5.0,4,Tourist attraction,
ChIJIdcXY-yVCw0RgbGXN0cKcdU,Imagine Studio,0.0,0,Screen printer,
ChIJUTl1c_qUCw0RTSWLi-8EdYU,Asilah 32,4.4,251,Hotel,
ChIJt133YjOVCw0R6H-Gd1m2D4I,La Côte,2.5,721,Restaurant,
ChIJu-1POsybrQ0RfLaEOkU88vk,NOQTA SPACE | Coworking & Coliving Space in Essaouira,4.9,89,Coworking space,9 AM–8 PM
ChIJz_tHPD7vrw0RMGDUe_fzq4I,Coworking L'BLASSA,4.8,164,Coworking space,8 AM–9 PM
ChIJv677pfeUCw0Rp1YK6CQfpOI,Camping Echrigui,3.4,410,Campground,
ChIJU5q31TDTpw0RGKPTNinxHjU,Spaces - Casablanca Anfa Place,4.7,164,Office space rental agency,Open 24 hours
ChIJAaeD9n2zsw0RnJ4yGoCU8dw,Atlas Wonders Coworking Surf camp,4.7,82,Hotel,
ChIJK9qI60OBCw0Rq8XP-g5nOmE,EasyHub - Coworking,0.0,0,Coworking space,8:30 AM–5:30 PM
ChIJB2YC55n_h0URounDpbLbTy0,Espace Co-working de l'ESS,0.0,0,Coworking space,9 AM–5 PM
ChIJq55hcnjlqA0Rit3rapdpKcQ,Institut Tamkin معهد تمكين,5.0,2,Coworking space,Open 24 hours
ChIJ-1D47JflqA0RJGp___Wwnk8,Espace Joker,5.0,1,Coffee shop,
ChIJiY51VM3lqA0R8Bvx-3igjW8,المقاطعة,0.0,0,Community center,
ChIJNXUpGMvEoQ0RAP9yy0HBlac,Techno Centre Azrou,0.0,0,Corporate office,9:30 AM–9:30 PM
ChIJt4XVCADFoQ0RhvCacVdqLGA,فضاء الرسالة,5.0,1,Library,
ChIJf5m81WzFoQ0RV36M_rABqZU,Déco Jad,5.0,1,Interior designer,9 AM–6 PM
ChIJDZvjwE7boQ0R9gtlGXENMrc,Morocco Unexplored,4.7,32,Tourist attraction,
ChIJBRt8fADboQ0RNdMm9YjJGlA,K-36 la zone,0.0,0,Media company,
ChIJV_PgZszEoQ0Rr58VKxx2TVc,Le Vallon Vert - Club Equestre,3.6,153,Farmstay,
ChIJKYmgyiKHow0RhNLFWSEubuY,WeWork - Coworking & Entrepreneuriat Space,5.0,1,Coworking space,
ChIJm_Y9iDeHow0RsFWxPTV_5Po,Co-working120,5.0,2,Coworking space,11 AM–8 PM
ChIJBxflTr2How0RS9e176qYqN4,PARK MANAGEMENT PROJECT,5.0,6,Business center,9 AM–5 PM
ChIJSxgd15yHow0RrYNnJoViDn0,Centre d'affaire day,5.0,5,Business center,9 AM–4:30 PM
ChIJa5HnMhuHow0RV3hK9ULWwY4,librairie work bureau مكتبة وورك بيرو,4.1,12,Book store,Open 24 hours
ChIJqWOQQgCHow0RhKdvgDAkrkI,Moroccan Center for Innovation and Social Entrepreneurship,5.0,7,Non-profit organization,10 AM–7 PM
ChIJOf2cTGojeA0RnLUmojtYsa4,Yello Coworking - Berkane,5.0,1,Coworking space,9 AM–6:30 PM
ChIJvYYIE5c9pg0Rc5GaejojMqc,cfp coworking,0.0,0,Coworking space,
ChIJkVrsWgDxhA0RNeX9k578U5Y,خدمات إلكترونية,0.0,0,Internet cafe,Open 24 hours
ChIJx8xRmfXTpw0REN692N4oJAE,KOWORK ANFA,4.9,31,Coworking space,Open 24 hours
ChIJv-n5QxjTpw0RTj0OlQezP3M,KOWORK ANFA PLACE,4.9,64,Coworking space,Open 24 hours
ChIJSVTYYXnTpw0R1AC1r1Cc6to,Mow Coworking,4.9,90,Coworking space,8:30 AM–7 PM
ChIJb9XCkw7Tpw0R0nUN8OgAMcw,COWORK&LIVE - Coworking Bureaux et Salles de réunion à Casablanca,4.9,66,Coworking space,Open 24 hours
ChIJjzAuNgAvpg0R6vakja4iHxg,One Workplace - Coworking Space,5.0,14,Coworking space,8:30 AM–6:30 PM
ChIJNcdcFADTpw0RqQ82V7paggs,Syllabus Coworking,4.9,188,Coworking space,Open 24 hours
ChIJ6X5mjIfNpw0R6vKFIuqbQB0,Creators Space,4.9,18,Coworking space,7 AM–10 PM
ChIJY7q23ejvrw0R2QW2R8uNu_c,syllabus_coworking,4.9,180,Coworking space,Open 24 hours
ChIJd7Ln04XxhA0RosyOS5bWgSE,ONE,0.0,0,Government office,
ChIJeTmQSVidpg0RWKMydHLj1JA,NG-TECH,5.0,1,Software company,8 AM–8 PM
ChIJI5y0ZHCfpg0R3eSmiNq8oF8,Espace Services YAS/KHA,0.0,0,Printing equipment supplier,9 AM–10 PM
ChIJi1iPaeifpg0RpgydJU5JIp8,الجماعة الترابية بوجنيبة,0.0,0,Community center,8 AM–6 PM
ChIJTdVGv_cnpA0RHaOQDzbL80Y,The Leader - Cpfoe,5.0,1,Training centre,
ChIJHa44_PLNpw0RH0WBwyl7vOI,Space Business Company,5.0,2,Financial planner,8:30 AM–7 PM
ChIJ773pyOzSpw0RkNp_e9lPW_k,New Work Lab: Coworking Casablanca,4.1,55,Coworking space,9 AM–7 PM
ChIJ59QnafG3pw0Rn6RrnuHgIRM,AGEFIC BUSINESS CENTER PREMIUM,4.5,16,Business center,9 AM–5 PM
ChIJbwfIOocppA0RGESsvmptApY,L'fabrika,4.7,3,Community center,9 AM–5 PM
ChIJOaUrUdxpnw0R4qfpPyJTCwE,Salhymehdy,0.0,0,Coworking space,
ChIJVyDw8qInpA0RgxGGSLmm8Ys,Affaires.ma,5.0,1,Investment service,Open 24 hours
ChIJg9zbXKEnpA0RzRZ_HYsAOX8,CINK - Khotwa-tech Digital Innovation Center,0.0,0,Business center,9:30 AM–4 PM
ChIJ9wRYypeHow0RX-MgXl_gjFg,LOCAZEN,0.0,0,Virtual office rental,9 AM–8 PM
ChIJzyB9MpAnpA0RvK0YNdVBZ4w,ESPACE 9,5.0,8,Architecture firm,9 AM–5 PM
ChIJa_AkawAnpA0R8WGzSWlm_j0,Espace Mouvement,0.0,0,Government office,
ChIJbUStOe6dpg0ReWmfe8At518,GROUP AFRICAIN BUSINESS COMPANY,3.0,2,Establishment,9 AM–7 PM
ChIJv4F1AgCnpw0ReXysGJ6HcxY,BOUZNIKA BUSINESS CENTER,5.0,3,Business center,8 AM–6 PM
ChIJC3TaNsenpw0RjY6ZZQYzP8c,Espace Frindy,4.1,79,Cafe,6 AM–12 AM
ChIJpd1NBKenpw0Ru1fUDEucxv4,Espace Sokayna,2.8,8,Bar,
ChIJ0Vz475xtpw0Rsk2ElFY_XPw,AI HUB Coworking Space Rabat,4.9,148,Coworking space,8 AM–8 PM
ChIJqyKbwdxrpw0R2QXvjnXcE5E,Workstudio,4.7,151,Coworking space,9 AM–8 PM
ChIJtfuf0ITNpw0RrZiulm88ZWk,Commons Zerktouni,4.8,212,Coworking space,Open 24 hours
ChIJWW3scgCxpw0RfjUXFAKHlJM,COWORKING SERVICES,5.0,2,Government office,8:30 AM–6 PM
ChIJ1ertlnqnpw0RFX-1H4kMHRQ,error,0.0,0,Vacation home rental agency,
ChIJZSLffQC3pw0R6_v8aIAuHMQ,Overflow Coworking Space,4.7,17,Coworking space,
ChIJkwyxwO3Spw0R4pGf7awgu_8,GO4Work,4.7,37,Coworking space,9 AM–7 PM
ChIJjUSSGF3Tpw0R67wU2Xt-AZQ,KOWORK MASSIRA,4.6,56,Coworking space,Open 24 hours
ChIJ7_t3F5VNP2UR-CQD2KYxraE,Co-space Casablanca,4.6,22,Coworking space,8:30 AM–6:30 PM
ChIJ0ze10OjSpw0RpzMDSQg4yKQ,WeStartUp : CRÉATION ET DOMICILIATION d'entreprise | Espaces de Coworking à Casablanca,4.9,15,Coworking space,9 AM–6 PM
ChIJrSD2JwAtpg0R468mI-HE9Q4,EASY DESK,5.0,41,Coworking space,9 AM–12 AM
ChIJfVlGR2bTpw0RDpqy_USqEMw,Al Makane Coworking,5.0,1,Coworking space,8:30 AM–7 PM
ChIJhyw3U_rTpw0RWch1D1ddu8c,Le Hub Casablanca,5.0,2,Coworking space,Open 24 hours
ChIJDQ1l1E3Tpw0Rtx2FF0XVV40,La Casa Coworking,4.5,55,Coworking space,Open 24 hours
ChIJhxcUdADTpw0RJ8zBEeam-lE,LUMON COWORKING,5.0,2,Coworking space,Open 24 hours
ChIJJ-hyzX0tpg0ReL_grAoIBFo,SpaceX Coworking,4.7,25,Corporate office,8:30 AM–4 PM
ChIJXYP4zQctpg0RM0I2TMOe_Bw,My Desk Business Center,4.9,31,Coworking space,8:30 AM–6 PM
ChIJAWa_Se7Tpw0RSs8xntrqjlk,Koon Casablanca,5.0,16,Coworking space,9 AM–8 PM
ChIJw-0e0knTpw0RNOSE4qUey9c,KOWORK CFC,4.8,27,Coworking space,Open 24 hours
ChIJeZzullfTpw0RnSCUAgR69pI,Seedpace Casablanca,5.0,2,Coworking space,Open 24 hours
ChIJ7w3QWBXTpw0R5or3lqGOcRI,Worklab coworking casablanca,5.0,1,Coworking space,8:30 AM–7:30 PM
ChIJiQvBh7vTpw0REM4VNxPZBtg,Mind office,5.0,17,Coworking space,9 AM–6 PM
ChIJV--VRY_Tpw0RLeY1OP8rkjE,KOWORK ONOMO MASSIRA,5.0,13,Coworking space,Open 24 hours
ChIJxSydJ1vTpw0R7EXV4oLkJgA,Space to Work,5.0,5,Coworking space,9 AM–7 PM
ChIJ4VEulJTSpw0RPQ8qoQup8Co,My Enterprise.ma,4.7,9,Coworking space,9 AM–3 PM
ChIJwZAY7qYtpg0RkSge8q-wfd4,ANFA CITY WORKING CENTER,4.5,12,Coworking space,8:30 AM–7 PM
ChIJHVyRwbDSpw0RPfO-NjUWDpE,"Regus - Casablanca, Abdelmoumen",4.3,33,Office space rental agency,Open 24 hours
ChIJHRghY5XNpw0RyNUpnM7tHjI,Centre 2.0,4.8,4,Coworking space,
ChIJuRAP7bvSpw0RDFIKVEeYjDg,Maroc,5.0,1,Coworking space,
ChIJS2es0uLTpw0R6sx4h7savpU,Work Easy (WorkEasy.ma),4.0,5,Coworking space,9 AM–6 PM
ChIJceR7YEHTpw0RaBrXQ9iKH6A,My Shary Space,4.3,17,Coworking space,
ChIJPXazEADTpw0RSUquR-uojkQ,BTOBFocus,5.0,5,Coworking space,9 AM–7 PM
ChIJSWWx_OzSpw0RWh-or_Jhi30,Work Lounge Coworking Business Center,4.2,6,Business center,9:30 AM–6:30 PM
ChIJseaF79rSpw0Rb9SnIBudrHo,Africanlab,5.0,1,Coworking space,8 AM–7 PM
ChIJZ--CCH3Tpw0R1QceBHJNo8Q,Integral Com,4.2,5,Coworking space,8 AM–10 PM
ChIJt_SeoM_Tpw0RzGf_0r4Noic,Glissa Coworking Space,4.0,1,Coworking space,8:30 AM–10:30 PM
ChIJYS-gk1zTpw0RkBAAIDaMy_Q,Ô29 By Botuha,4.9,17,Coworking space,9 AM–10 PM
ChIJ05sGeNDSpw0R2Q6TwVE1F-0,City Moove,5.0,2,Coworking space,8:30 AM–7 PM
ChIJH-YEC4LTpw0RXM-BvLIDiDg,Odesk.ma,5.0,1,Coworking space,8 AM–9 PM
ChIJpQwOi0TTpw0R6l3GzJxzA5Y,Casablanca Open Space,0.0,0,Coworking space,Open 24 hours
ChIJA9NYqujTpw0R70ZCFsw5uW4,Corporate Business Center,4.5,4,Coworking space,9 AM–5 PM
ChIJwxxNmJLNpw0RlSg1OX2dz5s,MY DESK BUSINESS CENTER,4.9,32,Business center,Open 24 hours
ChIJz67AKZbSpw0R0jRhFAC3KK0,Palmier Business Center,4.4,94,Business center,8:30 AM–6:30 PM
ChIJdQCgi4_Tpw0R2MDlgzOjnGU,El Patio Coworking,0.0,0,Coworking space,Open 24 hours
ChIJKePdkJPSpw0R7ihPfhmTKaI,CASANOSTRA,3.1,7,Coworking space,8:30 AM–7 PM
ChIJa5MaH0ktpg0RjzcX7SoYywA,FlexiDesk - Coworking,2.5,2,Coworking space,9 AM–7:30 PM
ChIJ4XDBTWHNpw0R5GfPZJOM8CY,Ness business center,5.0,2,Coworking space,9 AM–6:30 PM
ChIJzUYJU4rTpw0RZkHwRIcDyyg,Spotbusiness,4.6,34,Business center,9 AM–6 PM
ChIJcxsvKRPTpw0RiMv_AF14YRE,KOFISI Casa Anfa,5.0,2,Coworking space,8 AM–6 PM
ChIJ_7LpVqYtpg0RmxCJyaF0xWA,"Regus - Casablanca, Zenith",4.8,18,Office space rental agency,Open 24 hours
ChIJ9c1NAurTpw0RTwHY540_Q6E,"Regus - Casablanca, Casa Twin Tower Centre 2",4.4,8,Office space rental agency,Open 24 hours
ChIJ86En1pDSpw0RgxVSkipWJl0,IMPACT Lab,4.1,18,Corporate office,9 AM–7 PM
ChIJSz1mt5nSpw0RrHRvzL_NXo8,Espace Coworking,0.0,0,Corporate office,9 AM–6 PM
ChIJ7f2-GgDNpw0Rfm9Jdgr9mxk,Derb omar,4.0,3,Coworking space,
ChIJjWarI-XTpw0RzAd484QepRk,Anfa Office Club,5.0,15,Business center,9 AM–6:30 PM
ChIJN7z2_ezSpw0RICDjua6VQFc,BIZ JAHIZ,4.7,12,Business center,8:30 AM–7:30 PM
ChIJ919JOY_Tpw0RdGxwHvuudi4,Françaissauveur,0.0,0,Coworking space,9 AM–7 PM
ChIJdXg-J0jNpw0RWbTedGkh_EY,INTERFACE OFFICE SPACE,5.0,3,Real estate appraiser,9 AM–6 PM
ChIJ-bz3KBItpg0R4TF82uLQiBA,كازاشور 1 الدار البيضاء,4.6,11,Office space rental agency,Open 24 hours
ChIJZSc1MF_Tpw0R8v1WMktYHpg,Bourgogne CORNER,5.0,4,Apartment complex,
ChIJk7-ztuHTpw0R-AGa56BYe5U,Smart Digital Space • Casablabca,0.0,0,Coworking space,
ChIJI7r0icEtpg0RtHu3loF2xlE,Commons @ Afriquia-Lissasfa,4.9,15,Coworking space,Open 24 hours
ChIJSYDgArLTpw0Rzx3HwDxcY-E,Regus CIL Harmony,5.0,1,Office space rental agency,Open 24 hours
ChIJqUJd7-nTpw0RPGSHinTCQrM,Arts Corners,0.0,0,Coworking space,9 AM–7 PM
ChIJ1Q_TKyHLpw0RqyDPXm9NVw0,Centre Copie GodiTrans,0.0,0,Coworking space,
ChIJzbDXddktpg0RTT7-nXqvR2g,Cultural Space Coffee,3.8,60,Cafe,7 AM–9:30 PM
ChIJww2JFTwtpg0RqHjVA8mR1X8,تكنوبارك,4.1,997,Business center,Open 24 hours
ChIJh4xVRmzTpw0RRYPb_E1tdQM,Nexus Location salle de reunion et formation,0.0,0,Coworking space,Open 24 hours
ChIJiVKjve7Spw0RPEwDrOZgGxY,La Maison de l'Entrepreneur,4.3,4,Business to business service,9 AM–5:30 PM
ChIJXchZLwAtpg0RlfC_JsRPy7Q,Espace Jet Business Class,5.0,1,Corporate office,
ChIJm-Idg23Npw0RQ2Vb963C24A,Friend's Space,3.8,36,Cafe,6 AM–10 PM
ChIJsfZWXZTTpw0RcuVkRG1N2eI,Papers Club Casablanca,4.4,470,Cafe,7:30 AM–10 PM
ChIJ1eVZnfgtpg0RaSM3yVdqISg,Theater,0.0,0,Coworking space,
ChIJqx3PIActpg0RSiikYzacTK0,My DESK BUSINESS CENTER,4.6,56,Business center,8:30 AM–6 PM
ChIJp8lJw5LSpw0Raenq1E2h08g,Office Space Jean Jaurès,5.0,1,Mailbox rental service,8:30 AM–6 PM
ChIJNQih7sbSpw0RicXOsd_JdhY,Bidaya,4.4,48,Non-governmental organization,9 AM–6 PM
ChIJ5V_ofwrTpw0RAOXompSQnm4,THE CLOUD COFFEE LAB,4.7,92,Espresso bar,9 AM–9 PM
ChIJy9MhegTTpw0RMhlBm-V7Kd4,BusinessCenter.Com,5.0,2,Business center,8:30 AM–5:30 PM
ChIJQTqTWwDTpw0RPUxT5nmWcfU,Work,0.0,0,Coworking space,
ChIJUTGkx7otpg0RF2hyXnl9AjU,Green Works Center,4.4,30,Office space rental agency,Open 24 hours
ChIJbcoPAj0tpg0RdkkpMjz9AdQ,ZENITH CENTER,4.1,142,Business center,8:30 AM–6 PM
ChIJrzILmmbTpw0RD996gMZd7Pc,La boutique du café,4.8,56,Cafe,7:15 AM–9 PM
ChIJcSt60cHSpw0RvO0PPYB1xXI,Casablanca Business Center,4.3,3,Office space rental agency,8:30 AM–6:30 PM
ChIJGRnLwQYtpg0RWZ5-MbsIbzw,Work Place Business Center,4.8,6,Business to business service,Open 24 hours
ChIJl-tIbRAtpg0R6mbnW2eYRtk,Le 113 Lounge,3.1,32,Coffee shop,7:30 AM–2 AM
ChIJW7QinOwspg0R5jnhspBvy-o,Facilities Business center,3.9,27,Office space rental agency,
ChIJWVle3PTTpw0R82PVzV8lnEE,Regus Rue Ibn Hamdisse,0.0,0,Office space rental agency,Open 24 hours
ChIJ3TkdNH_Tpw0RqfP10mD_64U,Workup Business,5.0,8,Virtual office rental,8:30 AM–7 PM
ChIJJeriOvDSpw0RLdHO1eYMpIE,JAWJAB,4.2,15,Media company,
ChIJv5qgApjSpw0R_OgTTj-l-kY,MULTISERVICES.MA,4.0,1,Website designer,8:30 AM–6:30 PM
ChIJkwsbBdjTpw0Rp1GiA5bhflo,CASA BUSINESS TOWERS,5.0,4,Government office,8:30 AM–6:30 PM
ChIJxa8RTvrTpw0RFcQXJSSOL64,BEX Coffee,4.0,272,Coffee shop,8 AM–12 AM
ChIJ4xuOyIDTpw0REAAZqeM2CPo,Boostcoffee Ghandi,4.1,247,Coffee shop,7 AM–11 PM
ChIJy25OwZDTpw0Rp8xgAO2x-6I,Boost Coffee Abdelmoumen,3.9,501,Coffee shop,9 AM–12 AM
ChIJST90YJPSpw0R2Qx_4SyPIzU,Bondi Coffee Kitchen,4.2,852,Cafe,9:30 AM–9 PM
ChIJWfq4WAAtpg0RiBcHAX_Ibk8,Centre d'Affaires Tour Végétale Jasmin,5.0,1,Corporate office,8:30 AM–7:30 PM
ChIJQ42eD7rTpw0RJZkseYCFyGw,Bloom Books & more,4.9,142,Book store,10 AM–8 PM
ChIJUVV_h43Spw0RCJ_CWOJYRCk,Melliber Casablanca Hotel & Appart Hotel,4.0,764,Hotel,
ChIJJ-xH8tVGWBQRO4EppxV-qZc,Chefchaoun,4.4,439,Coworking space,10 AM–10 PM
ChIJ2Y3fZgUnCw0RqPI4jfrQYiA,Restaurant Green Space,4.4,47,Restaurant,9 AM–11:30 PM
ChIJAzHfQqtJIgwR7KsyYtGC2-M,Edu location,0.0,0,Education center,Open 24 hours
ChIJQ9FDb2xJIgwRpFZ61uKyNec,Centre Tirage,5.0,1,Community center,9 AM–7 PM
ChIJucbAhEFJIgwRz5C3c4NyXsM,Dakhla Factory,5.0,9,Digital printing service,9 AM–7:30 PM
ChIJ--fc57tJIgwRk5N-0OrpQaQ,Agence orange Dakhla,4.0,2,Community center,
ChIJI8OWrpBJIgwRmUfDz6GnJQM,WISTERIA.DIGITAL,0.0,0,Software company,
ChIJ80b_EKhJIgwRuHakgC8Fmgk,The Shortcut Studio,0.0,0,Marketing agency,11 AM–7 PM
ChIJa42ebZdJIgwRvS0kcEz6Lxk,Adcreative - Agence de Marketing Digital,0.0,0,Marketing agency,10 AM–7 PM
ChIJja2xl8JVkFQRRt7VUDDpdm0,The Pioneer Collective - Tacoma,5.0,77,Coworking space,9 AM–5 PM
ChIJJXYtEtxboA0RBk9n9KrZpZI,IM.coworkspace,5.0,38,Coworking space,10 AM–10 PM
ChIJtUUcZoNFoA0R56bXDfQ1fws,Business House Academy,5.0,57,Business to business service,9 AM–10:30 PM
ChIJgepmIQBboA0RJIKjhOmVrps,Coskillup,4.5,2,Coworking space,9 AM–9 PM
ChIJnTCKoX6Lnw0R_GNm_0X3JxU,JK BUSINESS CENTER,4.8,6,Coworking space,8 AM–10 PM
ChIJV-rsLgBboA0RoHo2rFWMXC8,CoWorking Space - WorkZone,0.0,0,Coworking space,
ChIJ59QEvcqLnw0RSa7jxuSE780,YOU LEARN,5.0,2,Coworking space,9 AM–9 PM
ChIJhfc6MmFboA0RFsLUpVqXKJY,ITec Zone Business Center,5.0,1,Business center,9 AM–7:30 PM
ChIJOalheZlboA0R7kE0I5ZNFrE,BUREAUX SAFAE,4.3,12,Office space rental agency,Open 24 hours
ChIJIU55RQ9DCw0RGwYTRfYIWdE,Tiny Tetouan,5.0,10,Coworking space,9 AM–7 PM
ChIJm2Ofv6EdqQ0RH7W3jpttrEo,MoSpace,5.0,3,Business center,8 AM–8 PM
ChIJexJyvCUdqQ0RcZxZsZXSqNM,wwao co-space,5.0,5,Coworking space,10 AM–8 PM
ChIJO8Z6gpMfqQ0RjXpG0pFoB6g,Minassat El Jadida,4.0,4,Education center,9 AM–4:30 PM
ChIJ5aMVY3QdqQ0ReEt77Yk9K4g,Western Educational Services and Training/West Co-Working,5.0,15,Education center,9:30 AM–9 PM
ChIJGbQHfRcfqQ0RYyguo9rxE9o,CENTRE D'AFFAIRES LA FLÈCHE D'OR,5.0,1,Business center,9 AM–5 PM
ChIJaQ4uKuMfqQ0RzB9BSTFAqZ0,InnerRoom,0.0,0,Virtual office rental,9 AM–9 PM
ChIJw_8zdzkfqQ0RU8_zhl58fBs,Le Colloque,3.8,79,Coffee shop,5 AM–12 AM
ChIJy6m5wFucYE8Rzyhgw8IF9fU,Study and work in Europe,0.0,0,Coworking space,Open 24 hours
ChIJuTnqqeZLmA0RVwzJv6pIwOQ,Chambre de commerce d industrie et de services Errachidia,5.0,1,Government office,
ChIJ4zc-iUtLmA0Rcc8Sgr9RppI,Focus Lab,5.0,4,Advertising agency,9 AM–8 PM
ChIJW7wMAsNLmA0R2Un4lq1yBZc,Province Lotissement,3.3,12,Housing association,
ChIJ5c9vIX1LmA0RgZx-rOQsqrc,Centre Studyrama,5.0,4,Training centre,
ChIJGRPEOtJLmA0RxP1YSAxTKfU,3 Mars Open Space,4.0,1,Park,
ChIJGV4p_2lLmA0RaZyHkIoSuw0,"Work Academy Private : Formation, Support And Support School And Learning Des Langues.",3.7,3,Learning center,3–10 PM
ChIJU87uTGA1mA0RAYvdEFBRCVY,Moove Morocco (The Moroccan Organization of Volunteer and Education),3.0,1,Cultural association,
ChIJy311s3ZLmA0Ry3A6BDcvrRw,Centre AGORA de copie & impression- مركز أغورا للنسخ والطباعة,3.0,1,Typing service,Open 24 hours
ChIJ9St8EwBLmA0RJ8g7oGid9yo,Bureau communal d'hygiène المكتب الجماعي لحفظ الصحة,4.0,2,Government office,
ChIJrV7NMIRKmA0RPpZXctnRRcU,National Agency for the Promotion of Employment and Skills,4.3,16,Employment agency,10 AM–4 PM
ChIJhVW4QwBLmA0Rh84H_WHjSk8,ATLAS Resources,0.0,0,Community center,
ChIJy2DMMhVLmA0RF_cajiLCBDM,Errahelp centre appel Allo khadamate,0.0,0,Call center,Open 24 hours
ChIJ27A0LRhLmA0Rx1MFSX9IVKg,Agence Nationale de promotion de l'Emploi et des Compétences,0.0,0,Agenzia Entrate,
ChIJLa7JxjKarQ0RA5ep737fi2U,Atlantic Hostel,4.4,653,Hostel,
ChIJV_6KMEObrQ0Rvxp9rw1Cjfc,WORK AND BEACH MOROCCO,3.7,3,Hotel,
ChIJywZIZzaLnw0RYg1UHd1wMHI,CoCreate,4.9,46,Coworking space,9 AM–11 PM
ChIJHZbjT8qLnw0RBcCxBdekYOU,O'work,4.9,65,Coworking space,9 AM–11 PM
ChIJ-zW5MwCLnw0R5KQy3B713wk,ZENITH coworking space,4.6,27,Coworking space,9 AM–1 AM
ChIJB_f9egCLnw0R8G-X1lTJs6U,Good Work,5.0,4,Coworking space,8:30 AM–10:30 PM
ChIJYamyjUCLnw0R1prulbh-U7A,Al Fihriya Birdies Coworking Space,4.0,3,Corporate office,9 AM–6 PM
ChIJUV-t4W-Lnw0RlGNIo0y6wP4,17EME SENS,4.8,6,Wellness center,"9 AM–1 PM, 2–8 PM"
ChIJt1SwdvqNnw0RCUhC30t6wFQ,Creative Space,0.0,0,Business center,9 AM–6 PM
ChIJ-0nUivT1nw0R7FAxfpHb2S4,The Anou Cooperative,5.0,339,Craft store,10 AM–10 PM
ChIJN26Q-i9_DA0RarXgmhOeOVY,"Regus - Tangiers, Ibn Batouta Bureaux",3.4,28,Office space rental agency,Open 24 hours
ChIJqz5mG4rrrw0RToqd5cDjBlk,Emerging Business Factory - EBF,4.7,99,Coworking space,9 AM–6 PM
ChIJy37Ekv7hMWoREsgzFxH4HqY,منزل للكراء مدينة الفنيدق,0.0,0,Virtual office rental,
ChIJ27A3p8EDtQ0R0Zl04WuJQLg,al-mousharaka coworking,0.0,0,Coworking space,
ChIJTz5K8WGRnQ0R5gP0dHltNAM,"Complexe Amazone Guercif : Hôtel, Café & Restaurant, Aire de Jeux & Piscine",3.7,40,Hotel,
ChIJa74gQgCTnQ0R3AhKwpRwTKs,Ste k&k emballage,5.0,2,Digital printing service,8 AM–7 PM
ChIJqbs02E2TnQ0R0qPabeSbO_8,La Grande Place 6 Novembre,4.3,48,Garden,Open 24 hours
ChIJwwayLLyTnQ0R5p9HL-3XT98,FORMATOR CENTER PRIVE Sté,0.0,0,Business center,
ChIJV3e_OQCTnQ0RQoY-ofaV9nI,Place publique ساحة عمومية,5.0,1,Garden,Open 24 hours
ChIJX_ajutuTnQ0RTeFFkb7KOqY,Cabinet Kinezia عيادة الترويض الطبي والعلاج الفزيائي,5.0,7,Physical therapist,9 AM–7 PM
ChIJaziiEoeTnQ0RQls83IXMbGg,CENT SOLAIRE AZAHOUM,0.0,0,Registry office,
ChIJSbwFJS2TnQ0RRlH-likTPlY,Sté Print'Est,0.0,0,Commercial printer,9 AM–8 PM
ChIJw9Uvjh-TnQ0R3D8EEvBsstA,جمعية الثقافة الرقمية_جرسيف,0.0,0,Cultural association,9 AM–9 PM
ChIJYU-8nc2TnQ0R7e4PgjSYZ6k,Salle de jeux,0.0,0,Video game rental kiosk,Open 24 hours
ChIJ_RT-2LmTnQ0Rein4CCZm0do,GUERCIF MEDIA,0.0,0,Media company,8 AM–8 PM
ChIJIxXKQfbXoQ0R3fXpgA1evO0,AIESEC Ifrane Office,5.0,2,Non-governmental organization,
ChIJnS5FWQDXoQ0RWz1SCBON7LE,Business Office,0.0,0,School district office,
ChIJXzlD4zLXoQ0RjZ88HjGpAsI,Building 9,0.0,0,Business administration service,
ChIJr1dr2OXXoQ0RZxlf1Gao3EA,Services Alwaha,0.0,0,Photography studio,
ChIJYW095kTXoQ0RZQSlyoW4AlY,Building 8/B,0.0,0,University,
ChIJTzKTDJiK12MRVb2Th5xjK9c,services digitales,0.0,0,Digital printing service,
ChIJzdh6JzTTdQ0RTT1aEuMWwxg,Cafe Espace Imzouren,4.1,67,Cafe,6:30 AM–1 AM
ChIJF5Jt6K7TdQ0Rpk26CjlIat4,Imzouren pc print,4.4,7,Print shop,9:30 AM–8 PM
ChIJMcMDvErTdQ0RBcezjuLxP70,Café Espace Granja,4.4,14,Cafe,7 AM–1:30 AM
ChIJqbeh6BTTdQ0RI_twISUA0NQ,Site imzouren,0.0,0,Corporate office,
ChIJf7xsUErTdQ0RlTExDwLqMZM,Salle Couverte d'Imzouren,4.1,53,Basketball court,
ChIJlfJJYbUsdA0RwR6EXMeSnAY,Salle Couverte De Imzouren,4.1,11,Basketball court,
ChIJtQ_fZKHTdQ0Rz_NXU2WRhVI,commercexpress,0.0,0,E commerce agency,
ChIJa-hRKiDTdQ0RasLYzirQQGg,Parcelle,0.0,0,,
ChIJW_67JTTTdQ0RkjgPD5--QCA,Commune Urbaine d'Imzouren ⵜⴰⴳⵔⴰⵡⵜ ⵜⴰⵖⵔⵎⴰⵏⵜ ⵏ ⵉⵎⵣⵓⵔⵏ,3.0,2,Civic center,
ChIJ3UZdAGYxdA0RtmgxbnN1DUg,Rue imzouren,0.0,0,Hotel,
ChIJybh-Os5aoA0Rb1fWKPB_iSQ,Espace Aya,3.3,21,Coffee shop,6 AM–11 PM
ChIJKS_g4e5Zpw0RhfJ04Tj9K0U,YSO work space,5.0,17,Coworking space,8 AM–6 PM
ChIJzwNgohh9eA0REaTo61eY8V0,Yello Coworking AlQods - Oujda,5.0,47,Coworking space,
ChIJgdJPK5Rspw0RT2cDgoUdb78,Espace de coworking rabat et centre d'affaires -MARBAH BUSINESS CENTER,4.3,35,Coworking space,9 AM–6 PM
ChIJ9_wzXdoTpw0RlXkA7brSl_o,Co & More,4.8,17,Coworking space,8 AM–7 PM
ChIJw1IvpjATpw0RnfrkdioKAMM,Over Solutions Maroc,4.5,13,Coworking space,8:30 AM–5:30 PM
ChIJw1sKzQhjeA0RtDYYS4_sQlM,Yello Coffee & Coworking Aswak Assalam - Oujda,4.5,20,Coworking space,7 AM–12 AM
ChIJi1aCK9vzow0RTQPzSZTaxKQ,WeWork - Coworking & Entrepreneuriat Space,0.0,0,Coworking space,9 AM–11 PM
ChIJTe9V60ZleA0Rs75A9L5CEs4,Ayin coworkin,4.5,2,Coworking space,7 AM–11:30 PM
ChIJwROb_ohspw0RuW5ZxKUMVEM,Moroccan Center for Development Initiatives (CMID),5.0,1,Coworking space,
ChIJ9WUFWKgTpw0Rr4jALEtID5w,"Regus - Rabat, Mahaj Hay Ryad",3.3,30,Office space rental agency,Open 24 hours
ChIJS5-7ko5spw0RW7RfJWhNlks,"Regus - Rabat, Agdal",3.0,26,Office space rental agency,
ChIJ939cybB1pA0Rf4nFpBVq7Cw,Elmazraa,0.0,0,Coworking space,
ChIJzXCkE7RZpw0RfLlcUtTEgHk,Link coworking space,3.0,2,Coworking space,9 AM–8 PM
ChIJMzX5nHLvrw0RjW9SLW36iGQ,M BUSINESS - Your workspace 2.0,4.5,4,Coworking space,
ChIJBaRqEI7Spw0RTw2fpi7CguQ,WORKNSHARE Maroc,5.0,1,Virtual office rental,9 AM–6 PM
ChIJB90UTYbFDA0RoVBFmMs3UrY,Gem Space Co-work & Delivery,5.0,12,Coworking space,9 AM–6 PM
ChIJC8Pc1DLtrw0RmG4PbLL4d_M,Le 503,0.0,0,Coworking space,
ChIJ63rqMJDurw0R0npHo251pTw,The Spot,4.5,201,Coworking space,
ChIJzcyIxPNZpw0RkQ9cZzljnV0,Creative Perception Center,4.8,20,Coworking space,9 AM–9:30 PM
ChIJOb3YkZVZpw0RWhiqOGXozk4,Clockwise Office,5.0,58,Coworking space,9 AM–8 PM
ChIJyaelaOlXpw0RMlKjrCEA598,Univers Advice,4.9,22,Coworking space,9 AM–8:30 PM
ChIJa7uaXu5Zpw0RqkN8fEe6uWk,La capitale kenitra Mimosas,3.9,32,Business center,8:50 AM–5:50 PM
ChIJUWHewfDQjQIRI9Pi5Hj8pBQ,FormaSpace Solutions,5.0,6,Coworking space,"9 AM–12:30 PM, 2:30–6:30 PM"
ChIJmQXbQWFZpw0RFuOpO4frMYQ,T-Land Consulting +,5.0,14,Council,9 AM–7 PM
ChIJHcdxfpVZpw0RSQfhFnjF3uI,Ojc Consulting,5.0,52,Training centre,9 AM–9 PM
ChIJwX8n0oBZpw0Rs0gynh7ZMmI,Le Diplomate : Coffee Work Space,3.7,48,Coffee shop,6 AM–11 PM
ChIJd6DG-eFZpw0RhQqWZMPtGCg,Cofitec,5.0,1,Learning center,"10 AM–12:30 PM, 4–6:30 PM"
ChIJR2eUy9tZpw0RLCfc06JBKko,GM Consulting House,5.0,27,Coworking space,
ChIJQT_kIvkrog0R4aJTJ-1srAs,Espace Services Tasshilat تسهيلات,4.7,7,Shopping mall,"9 AM–1 PM, 3–8 PM"
ChIJlefllWwqog0R-oapF-3YPcI,Agence Urbaine de Khénifra,3.3,4,Government office,
ChIJUaXvUAArog0RCjQnkBJV8vY,Gaming zone khenifra,5.0,2,Escape room center,
ChIJ1TRJrn0rog0RuysKF-eUHPY,البيع و الشراء في الكورس,5.0,1,Shop supermarket furniture store,9 AM–5 PM
ChIJDV3NdWsqog0Ru_k_Dn-66Xk,Insta-Pub Khènifra : Tous Travaux d'Impression et Publicitè,4.2,5,Commercial printer,9 AM–7 PM
ChIJjUY4cgArog0RQSRYLDAm9Pw,Espace élégance,1.7,3,Coffee shop,
ChIJFRMTcwArog0RIMxLtsgzVDE,مكتبة,5.0,3,Library,9:30 AM–9:30 PM
ChIJF8hQ2fQrog0RIyf9N4Wd5og,Espace Services Tasshilat,0.0,0,Money transfer service,8 AM–8 PM
ChIJe0QFBAAnpA0Rf1FXr4_kCCg,إتقي الله,0.0,0,Coworking space,
ChIJDS1G1uOdpg0RpX05Li5pHQQ,Espace Hamrokate,4.0,131,Cafe,7 AM–11 PM
ChIJkZFUCCeDpg0RP8Y8p4vzOBU,open shoot,5.0,8,Digital printing service,9 AM–7 PM
ChIJy201RSqdpg0RQdYUjMIiMDw,Speak Up Center - Khouribga,5.0,56,Learning center,9 AM–9 PM
ChIJjYaQQu5NCg0R5Q1lHTmID8w,MAISON SLAOUI,5.0,1,Community center,
ChIJ9y7hQetNCg0Ra88L5XWekx4,Virginia,3.6,63,Cafe,6 AM–12 AM
ChIJu7-iIAJNCg0RAgz8oIFlmiM,مكتبة أوبيدوم,3.5,2,Screen printer,9 AM–5 PM
ChIJxVHjAfVNCg0RojDffyhd8U0,وكالة تحرير العقود,0.0,0,Business administration service,
ChIJ72y8UktTCg0RuAJBDwNn6EI,Soufyan Zara Market,5.0,2,Store,
ChIJP63FXYBNCg0RmuQngypyA4Q,Agence d 'Affaires Mousleh,0.0,0,Corporate office,
ChIJM9dl1ZZNCg0RGx9h_zlDxSk,Agence Immobilière Arena,1.0,1,Real estate agency,
ChIJZRwyQLvPCw0RNQbrrrLgvd8,Service de verre El Arbi Ben Azzouz,4.0,1,Coworking space,
ChIJ3723ayrJCw0RMdQt6UCVViQ,Workplace,0.0,0,Business center,11 AM–8:30 PM
ChIJP1P8HIvrrw0RA9-tdpsXxeE,Team Building par Red Rock International,4.9,127,Event management company,9 AM–5 PM
ChIJ9aDWx8zvrw0RZcL2wUOrU30,MARRAKECH NEARSHORE,5.0,19,Coworking space,7:30 AM–8 PM
ChIJPW9OD5Ltrw0RBkSceui52aw,Atlaspeak - Coworking Space,5.0,4,Coworking space,Open 24 hours
ChIJ1TMEG2rvrw0RbNSNOGaymIs,Rendez-Vous Dar!,5.0,11,Coworking space,9 AM–10 PM
ChIJRZRh5nztrw0Rv9WPOIbwWyM,MATADOM COWORK,5.0,4,Coworking space,9 AM–6 PM
ChIJM1G2urDvrw0R6zhND39g-l8,MTECH Meeting & Coworking Space,4.7,6,Coworking space,Open 24 hours
ChIJrUNQIzLvrw0R84t9XPF8BY4,Sparkech,5.0,3,Coworking space,9 AM–10 PM
ChIJjfFPc93vrw0RELZM0kNWIMk,business center 2.0 : domiciliation juridique - création de société - business plan - formation - Coworking space,5.0,62,Business management consultant,"9 AM–1 PM, 2:30–6:30 PM"
ChIJI7Wtvr76NToRpfUAevrHSbw,The Cowork Spaces - Benz Circle,4.9,392,Coworking space,"12–6:30 AM, 8:30 AM–12 AM"
ChIJk3RuUnhFoA0RTm6jduGvYtI,Qualicia Academy,5.0,14,Training centre,9 AM–6:30 PM
ChIJbZNT1vO_mA0Rva8RNLq1b-4,المركز التقافي,4.0,39,Community center,
ChIJh7dzjQO_mA0RJV_GXGtSYUM,Espace de la Mémoire Historique de la Résistance et de la Libération de Midelt,0.0,0,Local history museum,
ChIJHf88D86_mA0RRBEznHZHbzk,O-T EDGE,0.0,0,Millwork shop,9 AM–8 PM
ChIJ__Roquu3pw0RGLxMX9XWnBg,KidooBois,5.0,1,Coworking space,9 AM–7 PM
ChIJezmyzTu3pw0RphuZr8NCYo0,MY BUSINESS SPACE,4.0,1,Business center,9 AM–5 PM
ChIJLTMNvO62pw0RZS5mee2SsLQ,Space Art,4.2,77,Cafe,6 AM–10 PM
ChIJ0cgNDnRrpw0RA4AHLoetauU,Emath Jabrane,0.0,0,Private tutor,5–9 PM
ChIJZwJpe2y3pw0RjjrwjlxlUBU,My Smart Office Mohammedia,0.0,0,Coworking space,
ChIJi6bYCPundw0R7UVspS4I3zU,Le Financiator,2.3,3,Business center,8:30 AM–11 PM
ChIJ3WTGCfUbuw0RrFEeF_97mek,best content and service,5.0,1,Coworking space,8:30 AM–12 AM
ChIJzVjvYEERuw0RdS6nXjYD0Tg,Anwal Coffee Kitchen,5.0,82,Coffee shop,8 AM–11 PM
ChIJYdP3zqcbuw0REs7TDYZqGl8,المنتزه ورزازات,5.0,1,Corporate office,
ChIJ7eJkdHMQuw0RGU3XR29_43g,Commlab,4.9,45,Advertising agency,9 AM–5:30 PM
ChIJJwY9A5wbuw0RjoNsjXsS0fk,CLA Studios Ouarzazate,3.9,307,Movie studio,9 AM–7 PM
ChIJFZlXdG8ReAkRR_vqfpcAutM,best content and service,0.0,0,Coworking space,9 AM–10 PM
ChIJJQ-FC_sDpA0RUlChfV4lc1o,Espace Comaco,4.0,21,Cafe,
ChIJM5C-55oDpA0RokZU8oKyEbM,MoukawiLab- Oued zem,5.0,4,Non-profit organization,9 AM–6 PM
ChIJt4lZBioDpA0RFEpNH9VokBo,Oued zem Numérique Souary Com,4.8,59,Photo lab,9 AM–10 PM
ChIJ24gw2ykDpA0RgNVCVFlGqDk,ESPACE OAPAM OUED ZEM,0.0,0,Student career counseling office,
ChIJvQB0FNMDpA0RjzJkH08FDy4,Espace Service Makroudi,0.0,0,Fax service,9 AM–6 PM
ChIJE5X4XO7zCg0RsMk8gSvw2js,Imprimerie Print Together,5.0,3,Digital printing service,10 AM–7 PM
ChIJubo8livzCg0RqLD_cgdTyGo,Prestigia : Café & Restaurant,4.7,167,Family restaurant,7 AM–12 AM
ChIJ_6bTB4rtCg0RDjnpRffFRvY,المركز الاجتماعي والثقافي ودعم مبادرات الشباب,3.0,2,Community center,
ChIJwx0Ce3djeA0RUTSHf4RiPQI,Cowork Maniak,4.9,17,Coworking space,8 AM–8 PM
ChIJxQSDZLtleA0RGPYMMRQIcxQ,Lazone - coworking space,5.0,6,Coworking space,9 AM–10 PM
ChIJ_zmLtozXsw0R4w0wo8WvxMM,Espace Services,5.0,6,Library,
ChIJ8ULdB-vXsw0RrZcp4QkRixI,Club.net.work44,5.0,2,3D printing service,9 AM–10 PM
ChIJCfThYUnXsw0RggbhHALVdyM,STE PLUS PUB,5.0,7,Commercial printer,9 AM–7 PM
ChIJZUVjDZXXsw0RhUGFIr3COfg,day Markete,0.0,0,Employment center,7 AM–11:30 PM
ChIJg1eaogXXsw0Rwds86eTx8IY,جمعية اولمبيك للايروبيك والرشاقة البدنية,5.0,1,Finance broker,
ChIJQbGyT2azsw0RZu2Hd3QNBjQ,Manzili Workspace,5.0,4,Coworking space,9 AM–9:30 PM
ChIJ7-QCnIXXsw0RdFqmpbddTXU,Espace Glass,0.0,0,Corporate office,"9 AM–1:30 PM, 3–7:30 PM"
ChIJOzv6Q43Hsw0R1RXihx1mNzc,"HomeWork Southfields, Flexible Workspace & Café",0.0,0,Sacem,
ChIJj6HUyne3sw0RhWwr3OuAJhE,Residence of interprise,0.0,0,Business center,9 AM–7 PM
ChIJHTkXwm1rpw0R-MeYTRxidf8,Coworking Rabat,5.0,18,Coworking space,9 AM–1 AM
ChIJhzkFVgBrpw0R5kIlKlkB9V8,ALX Morocco - Hub Rabat,4.8,13,Coworking space,9:30 AM–12 AM
ChIJg8UP9tNtpw0R5BD3rvnU_CU,Solway Business Center,4.9,35,Coworking space,8:30 AM–6 PM
ChIJNUl2qiptpw0RJ5jYDs6T33E,SMART Win,3.9,20,Coworking space,
ChIJNQmUh48Tpw0RHPoeTpHNE0Y,Le QG,5.0,2,Coworking space,9 AM–8 PM
ChIJDbMhPUJrpw0RJDJGQzUBTRo,El borj Domiciliation | Domiciliation D'entreprise à Rabat Hassan,5.0,17,Coworking space,9 AM–6 PM
ChIJ67DH5LwTpw0R9GQoELBD4gU,NB Business Center,5.0,1,Coworking space,8 AM–6 PM
ChIJS_imTrJykFQRx9jc04GvuzU,thinkspace REDMOND,4.6,41,Coworking space,8 AM–4 PM
ChIJr7keo4xNmlQR-NyudWmxiWE,Leavenworth Community Workspace,5.0,10,Coworking space,Open 24 hours
ChIJR_MMTWrLm1QRDAv6Ls2x1RA,Wenatchee WorkSpace,5.0,5,Coworking space,Open 24 hours
ChIJ5Xg7gXDJuFQRzWD0qLVvi6w,Work-Collective,5.0,70,Coworking space,8 AM–5 PM
ChIJXZXGrCHdYVMRnwARDcKojIU,Liberty Lake Coworking,5.0,29,Coworking space,8 AM–4:30 PM
ChIJZRFbQVgKlVQRdcyDps2e2sQ,Urban Office Place,4.7,38,Coworking space,9 AM–5 PM
ChIJ54pV_zjHuFQR9Zjpqh39njM,The Green House Co-Working Space,4.6,10,Coworking space,8 AM–5 PM
ChIJZ0XE8JQNlVQRcTKeuvg3gEE,VIDA Coworking - Beaverton,5.0,28,Coworking space,9 AM–5 PM
ChIJWZpDacWhlVQREpf_my9Dt9I,VIDA Coworking,5.0,64,Coworking space,9 AM–5 PM
ChIJt4V3FGEYnlQR6E14pcObm0A,Fellow Coworking,4.7,32,Coworking space,8 AM–5 PM
ChIJW2hizMIfwVQRi8U39Mzfa7A,The District Coworking and Flex Office,4.8,34,Coworking space,8:30 AM–5 PM
ChIJc1BQAVPHuFQRUSRYkgTWl3A,The Haven Coworking,4.9,63,Coworking space,8 AM–5 PM
ChIJkayH1LHJuFQRP-faoSBtWX4,Embark,5.0,19,Coworking space,8 AM–5 PM
ChIJzQTlHQsKlVQRW2I-0J80nyc,openHAUS coworking + shared workspace,4.7,63,Coworking space,9 AM–4 PM
ChIJWbN0IucMlVQR5O_iRZzMHRk,CoLab Coworking,4.8,16,Coworking space,8 AM–6 PM
ChIJpVqWWHhzlVQRzSLGf54vNVs,Office Depot Coworking,5.0,4,Coworking space,7:15 AM–9 PM
ChIJq6rq8fZ5mFQRZTGY4BnFjXs,Work Space 2.0,0.0,0,Coworking space,7 AM–9 PM
ChIJnftz60oNlVQR1ntfVJ8-psc,Genesis Workspace,5.0,9,Office space rental agency,9 AM–4:30 PM
ChIJrcImHLGolVQRK2eD-XR3QjY,CoLab Coworking,4.5,37,Coworking space,8 AM–5 PM
ChIJoehT2oQZnlQR7G8liGBBCZw,The 808 Coworking,0.0,0,Coworking space,5 AM–7 PM
ChIJIfn1REYhrA0R7WRN9qTEqgw,SAFI COWORK,0.0,0,Coworking space,
ChIJrZtwL28hrA0Rj_A0LIw8sJA,SAFI COWORK,5.0,13,Coworking space,
ChIJVRTZyQH_v1QRDYcNUHQTyP8,Co.W,4.7,29,Coworking space,Open 24 hours
ChIJPUm4pGz_kFQR6upL4_IUwSM,Mosaic Collaborative,5.0,2,Coworking space,9 AM–5 PM
ChIJAQB8H9Thk1QRzGYNrW-Ani8,Chehalis Coworks,4.9,9,Coworking space,8 AM–10 PM
ChIJkbx8yE7Nm1QREfaCUltYIhc,Mission St Commons,4.8,6,Coworking space,Open 24 hours
ChIJAbuxGALXmVQRDDBnBWbD7OA,North Town Shared Space,5.0,1,Event venue,8 AM–8 PM
ChIJhdXfyfRrolQR0rhLO6HsfUU,Kindling Coworking,4.0,3,Coworking space,9 AM–5 PM
ChIJWa4nHup6mFQRRxzs31e_ttY,FUSE Business and Community Accelerator,4.3,33,Business center,9 AM–4 PM
ChIJFQF6FfZ5mFQRzOXBypMDETw,Connect Workplace,4.6,17,Office space rental agency,9 AM–4 PM
ChIJ10TkGUb8kFQRcYEmR_7l3zM,South Hill Park Professional Center,4.6,59,Business center,
ChIJb5I1wOT6kFQROfbzH2NfmNI,Junction,4.3,197,Business center,
ChIJobw-JtZtmFQRPu3wCV-msCQ,WORK SPACE 2.0,0.0,0,Coworking space,8 AM–5 PM
ChIJkxZom-RlmFQRRvaMv3QGKzY,Flex Space Business Centers,5.0,1,Business park,
ChIJYT7VnRD8kFQR6jM4GuNBQT4,Meridian professional Center,4.0,30,Business center,
ChIJySF3obL4v1QRd5EZ6LGgvZ8,Nathan Levin Co.,5.0,8,Commercial real estate agency,8 AM–5 PM
ChIJpwsmXmwpmFQR_QVnjfFGy38,Flying R Ranch,5.0,2,Ranch,
ChIJFwl5R3rHuFQRTCue7fJc-Gk,Mud Lake Studios & Supply,5.0,24,Art studio,9 AM–4 PM
ChIJKwvgl4N7mFQRCgQ2XVdiKBw,Mid-Columbia Libraries - West Pasco Branch,4.8,70,Public library,10 AM–6 PM
ChIJXQ2yAu15mFQReW3yT9j72Uo,Best Western Kennewick Tri-Cities Center,4.1,223,Hotel,
ChIJKUWEqe56mFQRY9-vQ9gueQw,Hampton Inn Richland/Tri-Cities,4.6,1140,Hotel,
ChIJs-2htObGolQRaLWQ8dKN19Y,Pilot Travel Center,4.1,2438,Truck stop,Open 24 hours
ChIJ_TGSxgR5mFQRCK-vOngVxPU,REI,4.5,278,Camping store,10 AM–7 PM
ChIJf2pN1FJ7mFQRuFK1SU6k-rI,Wilco Farm Store,4.6,549,Animal feed store,8 AM–8 PM
ChIJ17n-Qo95mFQRRfHEtpX6UFk,Sportsman's Warehouse,4.3,1233,Outdoor sports store,9 AM–9 PM
ChIJo1-YnIB-mFQREKnuaD4b3Pg,Copart - Pasco,4.3,69,Auto auction,8 AM–5 PM
ChIJEakSvjCbnw0RL0Ysod1i2nM,فضاء نظيف,5.0,3,Cleaners,9 AM–7 PM
ChIJqW_fYLSbnw0R_0ADd8giNL8,مكتب متعدد الخدمات(منية),0.0,0,Book store,8:30 AM–6 PM
ChIJ5zWfclcFpg0RKv3Qd8VfSu8,L'Coin - Coworking space,5.0,11,Coworking space,
ChIJy1_WKgDvrw0R8zyKqA6p1M0,Youften space,5.0,2,Coffee shop,7 AM–1 AM
ChIJJzSLYMVfCg0RDNFQ2NeSnrA,السدرة,5.0,1,Coworking space,
ChIJ3wpQMP7vrw0R14_6D_cTnoo,Outsite Marrakesh,4.7,68,Serviced accommodation,
ChIJH9XKIYzvrw0RbUJHrcdvI7U,Kech working,0.0,0,Home help,9 AM–4 PM
ChIJJ240JBXtrw0Rwqsw6OT7O4k,Work,0.0,0,Community center,
ChIJy6UkGePvrw0RBoaTWYy8sqA,Oued side story,0.0,0,Business center,
ChIJwajo2-Uorw0RoN3RuuQnsUY,Espace sidi bennour,3.7,50,Cafe,6 AM–11 PM
ChIJvcD0sMIprw0RceSVaSH8-UE,فضاء الذاكرة التاريخية Espace de mémoire historique de résistance et de libération à Sidi Bennour,5.0,1,Local history museum,
ChIJ-SVdD4Aprw0RNeVac9W_LZI,Espace lfath,5.0,5,Cafe,
ChIJxdy6jYTrtA0RTsXpBsqozXM,Moja Surfhouse & Yoga,4.9,63,Guest house,
ChIJ_caJH1nrtA0RVUlO5Jo4aXs,"Café la palmeraie, location d'appartements meublés",4.9,7,Coffee shop,8 AM–11 PM
ChIJLbH-52DrtA0RIgUILShvh3w,Centre d'enregistrement des voitures Sidi Ifni,5.0,1,Corporate office,
ChIJr6-lo17rtA0R8UDllBAzDLQ,Salle de la marche verte Communale,4.0,5,Function room facility,Open 24 hours
ChIJt3msj7_rtA0R5W6qhF3Ok4U,Centre d'estivage AYOUR,0.0,0,Community center,
ChIJLekuUVnrtA0RvfNN3uunPUU,Ifni Surf,4.8,163,Surf school,
ChIJB3R-JlzrtA0R4w0VD80gugY,Sidi ifni,4.2,203,Tourist attraction,
ChIJVVVVCnaHoA0RpfE3K-9ctZw,Société Nationale de Commercialisation des Semences,1.0,1,Warehouse,
ChIJuYo1RV59oA0RI62q_VSbaS8,Espace 1000 travaux,5.0,1,General contractor,9 AM–7 PM
ChIJpcJV4uJ9oA0RYei1c6qQ9Ic,ANAPEC Sidi Kacem,3.3,14,Employment agency,8 AM–5 PM
ChIJcYMscUx9oA0RLkyBGGG5y3c,Digilab,0.0,0,Fingerprinting service,10 AM–6 PM
ChIJiZidW_CboA0RUi2qP_UbQ3o,PlaySpace,5.0,2,Internet cafe,Open 24 hours
ChIJFRrs35ypoA0R3XQSc1IQH5I,Sidi Yahya El Gharb,0.0,0,,
ChIJkTBRg8INpw0RvpSsNtrq2jY,Sophia Space,5.0,4,Corporate office,9 AM–6 PM
ChIJT9YDcwANpw0RnsJgzl6pNSI,عمل طاه,5.0,1,Coworking space,
ChIJVe71Y8H-CwARjaQzsSMAI_M,Global work force partners,0.0,0,Coworking space,
ChIJQx1AluoSpw0RrWoZtT_tH2w,Creativway,0.0,0,Coworking space,
ChIJ1_5R-omrn48RLmN78r0TfnE,LoCoworking Costa Rica,4.8,44,Coworking space,8 AM–4 PM
ChIJ4Qr6TSloXz4Ru9Irol1mfUQ,The Co—Spaces (Downtown Dubai),4.1,33,Coworking space,9 AM–6 PM
ChIJA53mcSezwoAR8TFPW2pPAZ0,Unità,4.9,51,Coworking space,Open 24 hours
ChIJWX7SZLOrmlQRpZwQyZRzwV0,Think Tank Cowork,4.9,61,Coworking space,9 AM–5 PM
ChIJvSyGSiWHCw0R4oVg35XB7so,Coworking Castilla,5.0,21,Coworking space,8:30 AM–9 PM
ChIJtW6b89x_DA0RjKNLj7oSdTE,Najoua El Hitmi Zawia Factory,5.0,12,Art studio,10 AM–6 PM
ChIJm8E74ESHCw0R1YIvpSaK-IY,BCT AGENCY,4.9,15,Marketing agency,9 AM–5 PM
ChIJObkq3JKHCw0RYDgtEzdc1Yk,MADELO COFFEE,4.6,11,Coffee shop,7 AM–12 AM
ChIJA6UsRQCBCw0R27zE4o1xJcE,Nabta Coworking,0.0,0,Coworking space,Open 24 hours
ChIJ6YTO-Ah_DA0RgRVXAjttGT0,Space M,5.0,5,Print shop,9 AM–5:30 PM
ChIJ8whoipZ_DA0RFpOjttuXPM4,KIOSK,4.9,16,Art center,2–7 PM
ChIJm2x-k0p_DA0R8PFms7wvHLc,Pre-history,0.0,0,Coworking space,
ChIJixlV-X5_DA0RPHFdF4sy1UM,EN FAIM - Coworking café,5.0,2,Self service restaurant,8 AM–9 PM
ChIJTyJWD1h_DA0RW13Z6ds8YxA,Technopark,4.3,390,Conference center,Open 24 hours
ChIJ-UZ281h_DA0RwqH3Z-CPKSg,Marbah Business Center Tanger,5.0,3,Business center,9 AM–6 PM
ChIJfZwTRfVPMg4R6qJqqOqJRR8,M.Institut,0.0,0,Beauty salon,10 AM–8 PM
ChIJl3K_Nn9ldQ0R3KObr4NvY-c,Espace Taounate Info,0.0,0,Office supply store,9 AM–8 PM
ChIJP57OnyZkdQ0RjJBwAPxTZrQ,Préfecture Province de Taounate,2.3,10,Government,8:30 AM–4:30 PM
ChIJcZH_Z6RjnQ0R6GsCsycoT1s,taourirt social,5.0,3,Corporate office,Open 24 hours
ChIJQ6ty5_JjnQ0Rj3Xo2b7FU-c,Plateforme des jeunes Taourirt,5.0,1,Council,9 AM–4 PM
ChIJR_8CioVjnQ0RLoFpKbJCRJ8,centre smart corner,5.0,3,Visitor center,
ChIJv2bhQ6FjnQ0RJb_4ebZhbUY,EspaceCom,3.8,45,Shopping mall,9 AM–10 PM
ChIJwWNxE9VjnQ0RyGYiw7iMfHc,Cabinet A'Chifae de kinésithérapie et de réadaptation physique,5.0,78,Physical therapist,9 AM–7 PM
ChIJGQmCeQBjnQ0RhhGrJ2UM_KI,144 taourirt marroco oujda,0.0,0,Apartment building,
ChIJE21CZoJjnQ0RB9-kqLdW-UY,The barber company96,5.0,5,Hair salon,9:30 AM–10 PM
ChIJpVcgL3pzsQ0RctTKCiahl5Y,Moroccan Academy for International Studies,5.0,3,Coworking space,
ChIJX3Gia1ITpw0REovXVC2T_tI,Café Les Deux Frères,4.0,38,Coffee shop,6 AM–10 PM
ChIJ58wHMJMNpw0RhhBxm_rcfEY,Jussur - Plateforme des jeunes de Temara,4.6,48,Community center,9 AM–5 PM
ChIJh-4HvtYTpw0RUlZYJrTbEXw,Temara Business Center,5.0,3,Business park,8 AM–7:30 PM
ChIJz7ZyQnITpw0RnjQFbkdiy9Q,Paati Academy,4.4,41,Adult education school,12–8 PM
ChIJRRl9MHcNpw0RJ4T6RQGNyIE,Fullmoon Studios - Temara,5.0,21,Photo agency,10 AM–6 PM
ChIJCZimS1ltpw0Rc4EGeXPJN0Y,AKAR BUSINESS CENTER,4.8,8,Corporate office,8:30 AM–8 PM
ChIJLddDIrUNpw0RPrRS_jcSjBc,Temara Square,4.2,5,Shopping mall,
ChIJZerayFeEDgARf17clnuc6Rk,Wild Data Space,0.0,0,Software company,9 AM–5 PM
ChIJu9NDTXsNpw0RPVocJSqbkGM,Immeuble bureaux à louer,0.0,0,Dyeworks,
ChIJrWJnCADNoA0R4TKHmNunWqw,LIK Space / Tiflet Young Leaders Network,4.0,4,Coworking space,
ChIJn2NMEADNoA0RjWxZGagxRwA,LIK SPACE | الفضاء ليك | شبكة الرواد الشباب تيفلت,5.0,1,Coworking space,9 AM–11 PM
ChIJC7LQArYyvQ0RcisD1MZ-f0w,جمعية الاعمال الاجتماعية للسائق تنغير,5.0,1,Corporate office,9 AM–3 PM
ChIJd5S68O7Nog0R3EZZLryBhPo,Falenergie,4.5,2,Community center,
ChIJVagTDugzvQ0RHpeLEHDA3DU,خدمات مكتبية,4.0,1,Book store,
ChIJpwisahbNog0RJog9ianU0kA,Hike and Chill Homestay,4.6,202,Hostel,
ChIJMYhY9FXNog0R_na9n9dIHM8,Pub'R Services & Events,0.0,0,Marketing consultant,9 AM–6 PM
ChIJZZnk810zvQ0RLO5BnerZ4RU,Ôatelier : Café & Restaurant,3.9,100,Bar & grill,8 AM–12 AM
ChIJvZjVRoQ1vQ0Rtutn_ubmYv4,مقر جمعية أيت محامد,0.0,0,Community center,
ChIJYeIRPZHNog0ReJxeHVK4PxM,Photocopie مكتبة,0.0,0,Printing equipment supplier,9 AM–8 PM
ChIJFQAAADDNog0RBrKyxx2uL24,Auberge Restaurant Tizgui,4.8,129,Restaurant,
ChIJ7ePkWbYyvQ0RqQklzj__Z5E,Restaurant El Yasmina,4.0,211,Restaurant,9 AM–8 PM
ChIJZ_c2L11XrlQRCd77Y7r__o0,Kiln,4.7,44,Coworking space,9 AM–5 PM
ChIJ50LckmJ7tA0RCET0Vo0p0-M,ESPACE THE YAN,5.0,1,Coworking space,10 AM–9 PM
ChIJ0yCUZR79rg0RGVGlTZah5Ug,Maroc Innov Youssoufia,2.8,4,Association / Organization,
ChIJZRgLfX_9rg0RFSJVOCXpdSQ,FIRMAMIZ,5.0,2,Construction company,8 AM–6 PM
ChIJY3TAMND9rg0RVS097ZEiooY,خدمات-Services,0.0,0,Web hosting company,
ChIJabTHeJD9rg0RMzoBREMxmvQ,ANAPEC YOUSSOUFIA,2.3,3,Government office,9 AM–4 PM
ChIJBbZcWAD9rg0REWVcVxoGAWI,Youssoufia 10000,0.0,0,Association / Organization,
ChIJiceVJqohrA0RVXolR7RB3T8,"(espace dejeunesse, volenteerwork,hospitality club., couchsurfing safi",5.0,1,Hiking area,
ChIJR3HzqFk3vA0R6Y_-yPsITFs,Zagora Mindful Space,5.0,3,Guest house,
ChIJ__9P4Fuej4ARdI8xK5R_AqM,Innocospace,5.0,20,Coworking space,9 AM–5 PM
